timestamp,value
int,int
T,
4,389
5,385
6,386
7,390
8,392
9,386
10,383
11,389
12,400
13,409
14,414
15,423
16,415
17,399
18,397
19,413
20,409
21,402
22,403
23,409
24,408
25,404
26,410
27,422
28,428
29,426
30,430
31,443
32,473
33,553
34,669
35,811
36,915
37,941
38,852
39,578
40,318
41,294
42,366
43,423
44,452
45,464
46,466
47,460
48,455
49,461
50,464
51,467
52,471
53,476
54,476
55,473
56,477
57,491
58,506
59,504
60,500
61,509
62,518
63,520
64,528
65,542
66,548
67,557
68,569
69,583
70,597
71,611
72,621
73,634
74,649
75,660
76,665
77,665
78,665
79,668
80,671
81,664
82,646
83,624
84,603
85,580
86,552
87,528
88,513
89,499
90,483
91,476
92,473
93,464
94,460
95,461
96,458
97,456
98,463
99,468
100,462
101,454
102,457
103,461
104,461
105,461
106,466
107,475
108,472
109,468
110,477
111,487
112,486
113,480
114,483
115,491
116,494
117,496
118,491
119,493
120,496
121,499
122,504
123,505
124,503
125,502
126,501
127,499
128,502
129,508
130,506
131,505
132,505
133,503
134,513
135,514
136,505
137,498
138,496
139,500
140,508
141,512
142,509
143,499
144,497
145,504
146,507
147,504
148,508
149,510
150,512
151,515
152,509
153,506
154,509
155,516
156,521
157,520
158,513
159,511
160,513
161,517
162,518
163,511
164,509
165,511
166,511
167,510
168,516
169,518
170,510
171,512
172,519
173,514
174,506
175,512
176,522
177,515
178,501
179,504
180,515
181,517
182,517
183,518
184,514
185,513
186,515
187,519
188,525
189,526
190,518
191,515
192,525
193,528
194,530
195,540
196,545
197,535
198,523
199,513
200,501
201,500
202,516
203,528
204,522
205,513
206,508
207,515
208,518
209,514
210,522
211,526
212,541
213,601
214,714
215,849
216,971
217,994
218,988
219,839
220,503
221,332
222,372
223,460
224,507
225,511
226,505
227,501
228,495
229,494
230,498
231,502
232,506
233,508
234,503
235,500
236,511
237,524
238,520
239,512
240,515
241,530
242,537
243,534
244,530
245,538
246,553
247,561
248,568
249,581
250,597
251,607
252,617
253,628
254,639
255,649
256,660
257,662
258,658
259,653
260,652
261,651
262,641
263,625
264,611
265,581
266,547
267,533
268,525
269,497
270,464
271,445
272,443
273,441
274,434
275,433
276,431
277,428
278,429
279,433
280,434
281,422
282,419
283,436
284,440
285,438
286,435
287,434
288,439
289,441
290,439
291,442
292,447
293,443
294,441
295,442
296,447
297,450
298,445
299,442
300,446
301,455
302,456
303,457
304,462
305,460
306,464
307,468
308,467
309,471
310,481
311,478
312,468
313,468
314,471
315,478
316,480
317,476
318,480
319,474
320,465
321,472
322,482
323,476
324,469
325,469
326,472
327,474
328,473
329,475
330,481
331,476
332,471
333,481
334,488
335,487
336,481
337,477
338,478
339,489
340,493
341,488
342,482
343,484
344,490
345,495
346,495
347,491
348,486
349,484
350,488
351,496
352,496
353,491
354,496
355,497
356,496
357,498
358,499
359,499
360,498
361,501
362,504
363,501
364,499
365,500
366,507
367,511
368,506
369,501
370,507
371,510
372,514
373,505
374,499
375,508
376,518
377,521
378,523
379,525
380,529
381,525
382,516
383,509
384,505
385,500
386,499
387,504
388,506
389,503
390,496
391,497
392,499
393,493
394,503
395,522
396,517
397,550
398,653
399,777
400,906
401,989
402,991
403,920
404,627
405,349
406,330
407,421
408,489
409,501
410,491
411,482
412,477
413,485
414,496
415,498
416,496
417,497
418,503
419,508
420,510
421,513
422,521
423,529
424,531
425,528
426,530
427,543
428,560
429,564
430,563
431,565
432,572
433,586
434,599
435,610
436,619
437,625
438,634
439,642
440,648
441,657
442,662
443,663
444,663
445,654
446,639
447,632
448,630
449,613
450,582
451,553
452,528
453,506
454,488
455,469
456,455
457,449
458,441
459,431
460,424
461,427
462,431
463,429
464,434
465,430
466,427
467,431
468,434
469,428
470,420
471,423
472,434
473,436
474,432
475,438
476,444
477,438
478,431
479,444
480,460
481,452
482,444
483,452
484,462
485,460
486,457
487,462
488,468
489,468
490,468
491,475
492,476
493,470
494,473
495,480
496,475
497,478
498,488
499,487
500,476
501,466
502,469
503,478
504,484
505,478
506,472
507,477
508,479
509,477
510,475
511,475
512,476
513,482
514,487
515,478
516,476
517,486
518,488
519,485
520,488
521,493
522,498
523,492
524,484
525,487
526,492
527,491
528,491
529,495
530,491
531,489
532,489
533,493
534,500
535,499
536,499
537,507
538,507
539,496
540,495
541,502
542,506
543,506
544,507
545,511
546,514
547,515
548,513
549,513
550,515
551,515
552,519
553,519
554,511
555,506
556,523
557,531
558,530
559,529
560,532
561,532
562,524
563,519
564,520
565,514
566,503
567,502
568,508
569,509
570,506
571,512
572,515
573,513
574,524
575,530
576,528
577,561
578,655
579,774
580,911
581,992
582,994
583,945
584,667
585,389
586,358
587,428
588,493
589,521
590,526
591,521
592,508
593,504
594,509
595,519
596,524
597,519
598,517
599,520
600,524
601,529
602,535
603,539
604,542
605,546
606,554
607,562
608,567
609,568
610,573
611,586
612,599
613,611
614,620
615,629
616,639
617,652
618,664
619,665
620,667
621,678
622,684
623,685
624,693
625,695
626,690
627,676
628,666
629,658
630,632
631,598
632,569
633,547
634,529
635,508
636,488
637,476
638,472
639,469
640,460
641,452
642,448
643,452
644,460
645,456
646,444
647,439
648,449
649,454
650,449
651,444
652,444
653,444
654,441
655,439
656,442
657,453
658,466
659,466
660,461
661,454
662,447
663,458
664,474
665,470
666,459
667,461
668,469
669,472
670,471
671,472
672,467
673,458
674,463
675,479
676,482
677,471
678,466
679,470
680,474
681,469
682,473
683,477
684,475
685,472
686,473
687,474
688,472
689,468
690,475
691,484
692,480
693,473
694,470
695,474
696,487
697,488
698,483
699,480
700,474
701,472
702,477
703,485
704,483
705,485
706,486
707,479
708,482
709,495
710,496
711,489
712,484
713,488
714,494
715,499
716,505
717,509
718,508
719,503
720,497
721,488
722,483
723,483
724,487
725,488
726,487
727,478
728,481
729,496
730,492
731,482
732,496
733,517
734,529
735,565
736,642
737,751
738,878
739,949
740,948
741,806
742,493
743,311
744,362
745,431
746,461
747,482
748,498
749,501
750,494
751,492
752,495
753,494
754,492
755,495
756,504
757,509
758,507
759,509
760,517
761,522
762,521
763,533
764,543
765,548
766,551
767,557
768,565
769,571
770,578
771,589
772,602
773,611
774,619
775,628
776,640
777,645
778,648
779,664
780,672
781,664
782,655
783,650
784,641
785,628
786,617
787,600
788,573
789,541
790,511
791,485
792,462
793,448
794,442
795,438
796,426
797,421
798,428
799,428
800,418
801,417
802,421
803,424
804,422
805,420
806,423
807,424
808,420
809,418
810,423
811,423
812,424
813,427
814,432
815,435
816,438
817,436
818,437
819,448
820,454
821,453
822,453
823,448
824,449
825,459
826,463
827,459
828,464
829,467
830,462
831,462
832,462
833,469
834,470
835,462
836,468
837,477
838,468
839,455
840,465
841,482
842,481
843,471
844,469
845,476
846,478
847,478
848,483
849,483
850,473
851,470
852,480
853,481
854,481
855,488
856,490
857,485
858,483
859,488
860,488
861,487
862,486
863,491
864,494
865,498
866,501
867,505
868,511
869,508
870,493
871,492
872,495
873,491
874,486
875,488
876,487
877,485
878,486
879,489
880,489
881,486
882,491
883,506
884,505
885,518
886,584
887,689
888,804
889,920
890,975
891,961
892,786
893,465
894,322
895,370
896,431
897,476
898,497
899,498
900,488
901,487
902,499
903,498
904,489
905,491
906,506
907,508
908,502
909,510
910,519
911,517
912,518
913,527
914,531
915,531
916,539
917,551
918,558
919,559
920,569
921,586
922,593
923,598
924,610
925,625
926,639
927,644
928,648
929,656
930,661
931,661
932,662
933,660
934,651
935,636
936,627
937,613
938,585
939,551
940,527
941,508
942,486
943,465
944,457
945,451
946,437
947,431
948,433
949,430
950,424
951,419
952,423
953,433
954,433
955,426
956,427
957,431
958,426
959,424
960,432
961,439
962,443
963,446
964,440
965,438
966,441
967,447
968,451
969,449
970,451
971,457
972,456
973,453
974,454
975,461
976,461
977,460
978,466
979,468
980,461
981,465
982,478
983,480
984,470
985,464
986,469
987,474
988,467
989,464
990,470
991,472
992,467
993,466
994,469
995,466
996,465
997,464
998,461
999,466
1000,473
1001,471
1002,464
1003,468
1004,475
1005,473
1006,470
1007,464
1008,470
1009,480
1010,485
1011,477
1012,467
1013,474
1014,482
1015,481
1016,483
1017,484
1018,480
1019,474
1020,482
1021,499
1022,507
1023,507
1024,506
1025,506
1026,494
1027,483
1028,483
1029,492
1030,490
1031,482
1032,477
1033,483
1034,491
1035,489
1036,487
1037,490
1038,499
1039,505
1040,506
1041,537
1042,628
1043,755
1044,890
1045,982
1046,987
1047,925
1048,672
1049,376
1050,312
1051,378
1052,456
1053,501
1054,502
1055,487
1056,480
1057,476
1058,474
1059,486
1060,498
1061,496
1062,492
1063,500
1064,505
1065,506
1066,507
1067,512
1068,514
1069,517
1070,524
1071,534
1072,537
1073,535
1074,549
1075,561
1076,562
1077,575
1078,591
1079,597
1080,601
1081,609
1082,622
1083,638
1084,652
1085,655
1086,657
1087,656
1088,652
1089,649
1090,647
1091,637
1092,619
1093,596
1094,575
1095,551
1096,524
1097,496
1098,469
1099,459
1100,460
1101,452
1102,443
1103,431
1104,421
1105,424
1106,436
1107,435
1108,424
1109,426
1110,434
1111,434
1112,430
1113,428
1114,424
1115,418
1116,430
1117,449
1118,448
1119,436
1120,434
1121,446
1122,451
1123,446
1124,440
1125,445
1126,448
1127,445
1128,448
1129,451
1130,445
1131,442
1132,456
1133,471
1134,470
1135,463
1136,465
1137,469
1138,469
1139,468
1140,472
1141,477
1142,476
1143,476
1144,477
1145,471
1146,469
1147,474
1148,476
1149,465
1150,457
1151,469
1152,481
1153,475
1154,469
1155,476
1156,481
1157,481
1158,477
1159,479
1160,476
1161,474
1162,480
1163,492
1164,492
1165,481
1166,476
1167,476
1168,486
1169,487
1170,489
1171,491
1172,492
1173,491
1174,494
1175,498
1176,493
1177,495
1178,504
1179,501
1180,492
1181,500
1182,507
1183,509
1184,515
1185,515
1186,518
1187,526
1188,529
1189,521
1190,513
1191,497
1192,490
1193,499
1194,506
1195,496
1196,491
1197,508
1198,516
1199,503
1200,494
1201,500
1202,513
1203,512
1204,531
1205,601
1206,708
1207,822
1208,944
1209,994
1210,987
1211,831
1212,493
1213,322
1214,359
1215,440
1216,488
1217,499
1218,496
1219,488
1220,480
1221,482
1222,487
1223,488
1224,494
1225,498
1226,496
1227,496
1228,497
1229,498
1230,513
1231,523
1232,521
1233,521
1234,526
1235,530
1236,534
1237,542
1238,554
1239,567
1240,572
1241,575
1242,583
1243,600
1244,615
1245,621
1246,625
1247,643
1248,655
1249,646
1250,650
1251,664
1252,656
1253,639
1254,632
1255,630
1256,614
1257,587
1258,557
1259,533
1260,509
1261,487
1262,467
1263,453
1264,448
1265,440
1266,429
1267,427
1268,431
1269,428
1270,423
1271,425
1272,427
1273,425
1274,426
1275,429
1276,426
1277,422
1278,425
1279,425
1280,432
1281,437
1282,434
1283,431
1284,431
1285,433
1286,443
1287,447
1288,443
1289,448
1290,453
1291,446
1292,439
1293,445
1294,455
1295,456
1296,456
1297,458
1298,460
1299,464
1300,467
1301,475
1302,477
1303,474
1304,467
1305,473
1306,475
1307,473
1308,472
1309,477
1310,471
1311,464
1312,473
1313,484
1314,481
1315,473
1316,472
1317,479
1318,478
1319,478
1320,485
1321,490
1322,479
1323,474
1324,481
1325,486
1326,483
1327,486
1328,489
1329,490
1330,486
1331,487
1332,491
1333,488
1334,481
1335,483
1336,494
1337,494
1338,488
1339,484
1340,488
1341,490
1342,495
1343,503
1344,505
1345,501
1346,496
1347,498
1348,502
1349,501
1350,502
1351,507
1352,511
1353,515
1354,520
1355,516
1356,505
1357,496
1358,491
1359,492
1360,493
1361,499
1362,498
1363,494
1364,492
1365,493
1366,494
1367,495
1368,497
1369,506
1370,521
1371,560
1372,652
1373,772
1374,915
1375,993
1376,992
1377,910
1378,596
1379,338
1380,333
1381,416
1382,489
1383,512
1384,499
1385,486
1386,485
1387,490
1388,497
1389,501
1390,499
1391,501
1392,507
1393,515
1394,516
1395,511
1396,520
1397,536
1398,538
1399,530
1400,537
1401,550
1402,558
1403,556
1404,559
1405,572
1406,579
1407,582
1408,592
1409,607
1410,616
1411,617
1412,618
1413,631
1414,640
1415,633
1416,630
1417,625
1418,617
1419,618
1420,622
1421,609
1422,585
1423,562
1424,548
1425,535
1426,508
1427,483
1428,461
1429,440
1430,432
1431,438
1432,433
1433,420
1434,415
1435,419
1436,420
1437,420
1438,420
1439,424
1440,430
1441,427
1442,420
1443,424
1444,433
1445,433
1446,429
1447,432
1448,440
1449,442
1450,437
1451,443
1452,444
1453,443
1454,444
1455,444
1456,444
1457,447
1458,453
1459,456
1460,455
1461,456
1462,458
1463,465
1464,465
1465,456
1466,459
1467,466
1468,472
1469,468
1470,467
1471,471
1472,471
1473,471
1474,471
1475,469
1476,466
1477,467
1478,473
1479,474
1480,468
1481,466
1482,470
1483,469
1484,472
1485,478
1486,482
1487,477
1488,478
1489,481
1490,479
1491,481
1492,485
1493,486
1494,483
1495,480
1496,478
1497,485
1498,488
1499,483
1500,483
1501,483
1502,481
1503,490
1504,506
1505,507
1506,498
1507,498
1508,498
1509,502
1510,510
1511,513
1512,509
1513,512
1514,524
1515,532
1516,539
1517,539
1518,529
1519,519
1520,513
1521,509
1522,509
1523,514
1524,516
1525,509
1526,506
1527,519
1528,527
1529,521
1530,510
1531,514
1532,534
1533,538
1534,558
1535,633
1536,743
1537,882
1538,987
1539,993
1540,959
1541,697
1542,394
1543,348
1544,413
1545,472
1546,508
1547,517
1548,507
1549,499
1550,507
1551,514
1552,512
1553,510
1554,514
1555,526
1556,529
1557,524
1558,525
1559,526
1560,527
1561,528
1562,536
1563,553
1564,555
1565,555
1566,562
1567,573
1568,578
1569,582
1570,592
1571,602
1572,609
1573,621
1574,638
1575,648
1576,653
1577,658
1578,666
1579,665
1580,663
1581,668
1582,670
1583,655
1584,645
1585,641
1586,627
1587,599
1588,569
1589,542
1590,521
1591,499
1592,478
1593,469
1594,459
1595,440
1596,433
1597,447
1598,452
1599,439
1600,433
1601,442
1602,448
1603,440
1604,433
1605,433
1606,437
1607,441
1608,443
1609,442
1610,438
1611,432
1612,433
1613,447
1614,458
1615,455
1616,455
1617,461
1618,463
1619,462
1620,461
1621,461
1622,464
1623,474
1624,482
1625,477
1626,471
1627,475
1628,481
1629,476
1630,465
1631,468
1632,477
1633,486
1634,488
1635,486
1636,477
1637,471
1638,474
1639,481
1640,484
1641,483
1642,480
1643,479
1644,479
1645,489
1646,500
1647,495
1648,482
1649,480
1650,490
1651,493
1652,494
1653,492
1654,492
1655,499
1656,503
1657,505
1658,508
1659,514
1660,513
1661,503
1662,489
1663,483
1664,483
1665,494
1666,495
1667,486
1668,485
1669,489
1670,491
1671,489
1672,482
1673,493
1674,519
1675,528
1676,539
1677,591
1678,675
1679,788
1680,895
1681,939
1682,906
1683,683
1684,380
1685,317
1686,389
1687,435
1688,469
1689,498
1690,510
1691,502
1692,495
1693,495
1694,489
1695,486
1696,500
1697,513
1698,512
1699,506
1700,512
1701,523
1702,526
1703,524
1704,534
1705,543
1706,548
1707,552
1708,561
1709,568
1710,573
1711,580
1712,592
1713,604
1714,612
1715,623
1716,637
1717,648
1718,651
1719,655
1720,657
1721,654
1722,655
1723,659
1724,657
1725,642
1726,620
1727,611
1728,597
1729,560
1730,527
1731,509
1732,491
1733,471
1734,454
1735,447
1736,436
1737,425
1738,424
1739,424
1740,417
1741,415
1742,422
1743,423
1744,418
1745,417
1746,421
1747,424
1748,424
1749,421
1750,429
1751,438
1752,435
1753,433
1754,441
1755,446
1756,445
1757,444
1758,451
1759,457
1760,452
1761,452
1762,463
1763,465
1764,459
1765,466
1766,477
1767,470
1768,461
1769,461
1770,475
1771,476
1772,468
1773,471
1774,475
1775,473
1776,468
1777,469
1778,473
1779,471
1780,469
1781,474
1782,476
1783,471
1784,475
1785,485
1786,480
1787,473
1788,475
1789,488
1790,495
1791,481
1792,475
1793,482
1794,487
1795,489
1796,492
1797,494
1798,491
1799,485
1800,478
1801,469
1802,468
1803,467
1804,470
1805,470
1806,464
1807,465
1808,479
1809,478
1810,468
1811,470
1812,491
1813,494
1814,500
1815,563
1816,670
1817,793
1818,924
1819,985
1820,958
1821,765
1822,441
1823,308
1824,370
1825,427
1826,459
1827,481
1828,489
1829,485
1830,478
1831,479
1832,481
1833,481
1834,491
1835,503
1836,504
1837,500
1838,503
1839,512
1840,514
1841,514
1842,519
1843,531
1844,535
1845,535
1846,544
1847,550
1848,557
1849,568
1850,584
1851,597
1852,607
1853,614
1854,627
1855,637
1856,643
1857,655
1858,664
1859,667
1860,661
1861,658
1862,657
1863,651
1864,639
1865,625
1866,600
1867,571
1868,548
1869,525
1870,503
1871,481
1872,461
1873,447
1874,441
1875,436
1876,429
1877,431
1878,431
1879,426
1880,429
1881,434
1882,433
1883,430
1884,429
1885,432
1886,431
1887,430
1888,434
1889,437
1890,435
1891,435
1892,441
1893,449
1894,448
1895,446
1896,450
1897,453
1898,452
1899,449
1900,446
1901,443
1902,449
1903,464
1904,474
1905,472
1906,460
1907,458
1908,464
1909,464
1910,462
1911,464
1912,469
1913,470
1914,469
1915,474
1916,477
1917,473
1918,471
1919,473
1920,479
1921,475
1922,472
1923,475
1924,477
1925,474
1926,478
1927,482
1928,489
1929,483
1930,481
1931,488
1932,487
1933,482
1934,482
1935,485
1936,488
1937,490
1938,500
1939,502
1940,501
1941,507
1942,507
1943,496
1944,479
1945,469
1946,476
1947,485
1948,478
1949,471
1950,483
1951,488
1952,479
1953,473
1954,476
1955,492
1956,503
1957,499
1958,528
1959,627
1960,757
1961,895
1962,988
1963,989
1964,928
1965,659
1966,358
1967,305
1968,377
1969,449
1970,483
1971,483
1972,476
1973,474
1974,476
1975,472
1976,473
1977,480
1978,482
1979,482
1980,484
1981,497
1982,501
1983,496
1984,499
1985,511
1986,515
1987,511
1988,511
1989,521
1990,534
1991,541
1992,545
1993,553
1994,562
1995,575
1996,589
1997,599
1998,603
1999,609
2000,636
2001,648
2002,642
2003,638
2004,635
2005,634
2006,632
2007,629
2008,624
2009,603
2010,574
2011,548
2012,523
2013,495
2014,473
2015,459
2016,445
2017,428
2018,421
2019,430
2020,426
2021,411
2022,405
2023,416
2024,423
2025,420
2026,414
2027,414
2028,417
2029,417
2030,417
2031,418
2032,416
2033,417
2034,421
2035,425
2036,422
2037,421
2038,436
2039,445
2040,439
2041,427
2042,427
2043,441
2044,448
2045,442
2046,442
2047,441
2048,440
2049,449
2050,458
2051,455
2052,451
2053,460
2054,466
2055,465
2056,460
2057,460
2058,465
2059,462
2060,461
2061,464
2062,468
2063,464
2064,457
2065,461
2066,465
2067,458
2068,451
2069,463
2070,473
2071,468
2072,468
2073,479
2074,477
2075,470
2076,470
2077,483
2078,488
2079,484
2080,482
2081,485
2082,487
2083,486
2084,487
2085,487
2086,479
2087,478
2088,502
2089,514
2090,503
2091,499
2092,506
2093,504
2094,494
2095,491
2096,489
2097,481
2098,477
2099,482
2100,486
2101,482
2102,482
2103,482
2104,488
2105,485
2106,479
2107,490
2108,502
2109,535
2110,621
2111,747
2112,889
2113,990
2114,992
2115,944
2116,674
2117,369
2118,309
2119,377
2120,448
2121,484
2122,490
2123,485
2124,477
2125,469
2126,475
2127,483
2128,483
2129,483
2130,493
2131,504
2132,505
2133,502
2134,504
2135,517
2136,531
2137,533
2138,528
2139,528
2140,533
2141,542
2142,552
2143,560
2144,565
2145,580
2146,601
2147,609
2148,614
2149,625
2150,639
2151,652
2152,665
2153,668
2154,664
2155,662
2156,661
2157,663
2158,660
2159,644
2160,617
2161,600
2162,581
2163,549
2164,521
2165,506
2166,492
2167,471
2168,456
2169,451
2170,448
2171,447
2172,444
2173,450
2174,446
2175,440
2176,448
2177,448
2178,439
2179,435
2180,445
2181,450
2182,443
2183,437
2184,449
2185,455
2186,447
2187,447
2188,452
2189,452
2190,444
2191,448
2192,455
2193,456
2194,451
2195,454
2196,461
2197,463
2198,462
2199,467
2200,474
2201,467
2202,464
2203,470
2204,479
2205,485
2206,483
2207,486
2208,483
2209,477
2210,480
2211,483
2212,481
2213,477
2214,476
2215,475
2216,476
2217,475
2218,477
2219,483
2220,479
2221,474
2222,477
2223,485
2224,487
2225,486
2226,488
2227,489
2228,489
2229,491
2230,498
2231,495
2232,495
2233,498
2234,493
2235,497
2236,498
2237,492
2238,494
2239,497
2240,495
2241,494
2242,500
2243,503
2244,502
2245,500
2246,503
2247,496
2248,493
2249,508
2250,511
2251,502
2252,499
2253,507
2254,514
2255,514
2256,509
2257,509
2258,509
2259,511
2260,515
2261,517
2262,510
2263,509
2264,515
2265,521
2266,530
2267,535
2268,533
2269,525
2270,512
2271,501
2272,502
2273,506
2274,507
2275,508
2276,515
2277,519
2278,509
2279,501
2280,507
2281,516
2282,516
2283,507
2284,532
2285,623
2286,745
2287,878
2288,993
2289,996
2290,994
2291,843
2292,475
2293,326
2294,380
2295,475
2296,523
2297,514
2298,493
2299,488
2300,489
2301,488
2302,493
2303,501
2304,507
2305,499
2306,497
2307,509
2308,518
2309,520
2310,525
2311,531
2312,531
2313,530
2314,536
2315,547
2316,553
2317,556
2318,566
2319,580
2320,589
2321,593
2322,607
2323,629
2324,640
2325,646
2326,657
2327,672
2328,673
2329,666
2330,669
2331,674
2332,666
2333,661
2334,659
2335,640
2336,620
2337,605
2338,579
2339,548
2340,518
2341,500
2342,494
2343,487
2344,469
2345,454
2346,457
2347,459
2348,453
2349,450
2350,458
2351,455
2352,449
2353,450
2354,446
2355,444
2356,453
2357,454
2358,451
2359,450
2360,455
2361,456
2362,449
2363,446
2364,447
2365,455
2366,463
2367,463
2368,461
2369,460
2370,456
2371,458
2372,465
2373,472
2374,471
2375,469
2376,474
2377,479
2378,478
2379,479
2380,486
2381,489
2382,488
2383,493
2384,493
2385,486
2386,481
2387,481
2388,483
2389,487
2390,484
2391,478
2392,477
2393,481
2394,483
2395,483
2396,488
2397,482
2398,474
2399,482
2400,490
2401,484
2402,475
2403,481
2404,485
2405,476
2406,474
2407,482
2408,474
2409,471
2410,478
2411,486
2412,487
2413,482
2414,479
2415,481
2416,484
2417,489
2418,495
2419,501
2420,495
2421,491
2422,495
2423,498
2424,497
2425,496
2426,497
2427,498
2428,498
2429,496
2430,495
2431,493
2432,495
2433,497
2434,497
2435,491
2436,491
2437,507
2438,511
2439,505
2440,502
2441,504
2442,500
2443,499
2444,508
2445,508
2446,506
2447,507
2448,513
2449,525
2450,531
2451,523
2452,515
2453,508
2454,500
2455,499
2456,502
2457,512
2458,516
2459,505
2460,500
2461,507
2462,510
2463,510
2464,510
2465,517
2466,512
2467,526
2468,597
2469,711
2470,852
2471,989
2472,997
2473,996
2474,886
2475,522
2476,351
2477,385
2478,454
2479,495
2480,501
2481,491
2482,484
2483,489
2484,494
2485,493
2486,489
2487,493
2488,502
2489,504
2490,502
2491,505
2492,515
2493,523
2494,519
2495,525
2496,535
2497,540
2498,542
2499,545
2500,556
2501,565
2502,574
2503,585
2504,595
2505,600
2506,611
2507,633
2508,640
2509,634
2510,642
2511,667
2512,673
2513,667
2514,665
2515,665
2516,659
2517,647
2518,635
2519,621
2520,601
2521,577
2522,552
2523,532
2524,507
2525,487
2526,476
2527,470
2528,462
2529,455
2530,453
2531,451
2532,440
2533,438
2534,453
2535,455
2536,445
2537,443
2538,451
2539,448
2540,448
2541,453
2542,453
2543,449
2544,449
2545,455
2546,457
2547,455
2548,453
2549,459
2550,470
2551,467
2552,464
2553,469
2554,478
2555,479
2556,480
2557,484
2558,480
2559,475
2560,479
2561,488
2562,493
2563,490
2564,485
2565,487
2566,487
2567,486
2568,488
2569,493
2570,492
2571,487
2572,486
2573,485
2574,484
2575,489
2576,496
2577,498
2578,488
2579,485
2580,493
2581,493
2582,489
2583,495
2584,497
2585,489
2586,494
2587,505
2588,509
2589,506
2590,496
2591,495
2592,498
2593,495
2594,500
2595,508
2596,506
2597,501
2598,504
2599,508
2600,505
2601,496
2602,497
2603,507
2604,503
2605,498
2606,505
2607,511
2608,507
2609,500
2610,499
2611,504
2612,506
2613,508
2614,516
2615,518
2616,512
2617,516
2618,517
2619,513
2620,511
2621,515
2622,522
2623,526
2624,521
2625,516
2626,511
2627,496
2628,486
2629,492
2630,504
2631,505
2632,505
2633,502
2634,496
2635,496
2636,502
2637,510
2638,524
2639,524
2640,530
2641,575
2642,654
2643,766
2644,904
2645,989
2646,984
2647,839
2648,519
2649,340
2650,375
2651,432
2652,475
2653,504
2654,507
2655,498
2656,495
2657,496
2658,497
2659,503
2660,511
2661,509
2662,501
2663,503
2664,514
2665,518
2666,521
2667,522
2668,524
2669,535
2670,540
2671,540
2672,551
2673,559
2674,563
2675,573
2676,587
2677,593
2678,593
2679,601
2680,619
2681,636
2682,646
2683,649
2684,648
2685,648
2686,664
2687,677
2688,668
2689,654
2690,646
2691,638
2692,618
2693,587
2694,564
2695,546
2696,522
2697,494
2698,471
2699,461
2700,449
2701,439
2702,432
2703,421
2704,425
2705,437
2706,430
2707,421
2708,417
2709,418
2710,429
2711,435
2712,426
2713,422
2714,428
2715,434
2716,427
2717,426
2718,438
2719,443
2720,440
2721,439
2722,444
2723,451
2724,451
2725,452
2726,457
2727,456
2728,458
2729,462
2730,463
2731,458
2732,456
2733,465
2734,474
2735,467
2736,458
2737,458
2738,468
2739,475
2740,469
2741,468
2742,474
2743,474
2744,469
2745,471
2746,473
2747,468
2748,465
2749,474
2750,480
2751,474
2752,474
2753,477
2754,471
2755,463
2756,474
2757,489
2758,479
2759,471
2760,475
2761,485
2762,485
2763,479
2764,477
2765,473
2766,474
2767,482
2768,490
2769,488
2770,480
2771,475
2772,484
2773,488
2774,487
2775,484
2776,481
2777,485
2778,497
2779,506
2780,507
2781,507
2782,509
2783,507
2784,497
2785,485
2786,480
2787,488
2788,487
2789,484
2790,489
2791,491
2792,488
2793,488
2794,488
2795,492
2796,505
2797,511
2798,517
2799,551
2800,636
2801,743
2802,882
2803,980
2804,983
2805,893
2806,607
2807,350
2808,340
2809,409
2810,458
2811,490
2812,503
2813,496
2814,485
2815,483
2816,486
2817,491
2818,497
2819,496
2820,489
2821,500
2822,517
2823,514
2824,512
2825,517
2826,521
2827,525
2828,534
2829,540
2830,543
2831,549
2832,555
2833,565
2834,578
2835,585
2836,585
2837,599
2838,622
2839,637
2840,643
2841,651
2842,655
2843,658
2844,665
2845,669
2846,668
2847,661
2848,657
2849,652
2850,630
2851,601
2852,577
2853,549
2854,517
2855,493
2856,483
2857,471
2858,453
2859,445
2860,440
2861,436
2862,435
2863,430
2864,430
2865,429
2866,425
2867,428
2868,436
2869,429
2870,418
2871,418
2872,429
2873,434
2874,434
2875,431
2876,430
2877,430
2878,436
2879,442
2880,442
2881,438
2882,445
2883,454
2884,451
2885,444
2886,451
2887,466
2888,466
2889,461
2890,461
2891,464
2892,466
2893,465
2894,467
2895,470
2896,471
2897,469
2898,473
2899,476
2900,470
2901,465
2902,471
2903,479
2904,480
2905,478
2906,478
2907,477
2908,475
2909,473
2910,475
2911,481
2912,480
2913,480
2914,486
2915,485
2916,477
2917,474
2918,478
2919,480
2920,478
2921,481
2922,486
2923,487
2924,488
2925,488
2926,481
2927,481
2928,487
2929,489
2930,489
2931,487
2932,491
2933,497
2934,497
2935,496
2936,495
2937,502
2938,505
2939,499
2940,500
2941,501
2942,492
2943,494
2944,514
2945,524
2946,518
2947,514
2948,517
2949,518
2950,509
2951,499
2952,498
2953,500
2954,495
2955,493
2956,500
2957,498
2958,491
2959,493
2960,499
2961,500
2962,502
2963,507
2964,521
2965,563
2966,659
2967,785
2968,925
2969,993
2970,991
2971,920
2972,635
2973,361
2974,334
2975,412
2976,478
2977,493
2978,481
2979,484
2980,492
2981,486
2982,480
2983,485
2984,490
2985,488
2986,485
2987,488
2988,504
2989,510
2990,505
2991,511
2992,516
2993,511
2994,517
2995,527
2996,529
2997,534
2998,546
2999,549
3000,551
3001,557
3002,565
3003,583
3004,601
3005,613
3006,624
3007,638
3008,645
3009,648
3010,648
3011,652
3012,652
3013,648
3014,639
3015,622
3016,609
3017,594
3018,566
3019,544
3020,527
3021,501
3022,476
3023,457
3024,445
3025,439
3026,430
3027,421
3028,424
3029,430
3030,422
3031,415
3032,418
3033,422
3034,422
3035,419
3036,417
3037,420
3038,420
3039,420
3040,423
3041,427
3042,424
3043,421
3044,427
3045,430
3046,424
3047,433
3048,447
3049,442
3050,432
3051,436
3052,446
3053,448
3054,440
3055,441
3056,451
3057,459
3058,456
3059,457
3060,460
3061,459
3062,455
3063,456
3064,467
3065,471
3066,464
3067,462
3068,464
3069,463
3070,462
3071,462
3072,460
3073,458
3074,458
3075,462
3076,464
3077,463
3078,458
3079,456
3080,469
3081,473
3082,468
3083,467
3084,471
3085,469
3086,467
3087,476
3088,480
3089,470
3090,472
3091,481
3092,473
3093,470
3094,481
3095,486
3096,479
3097,471
3098,469
3099,480
3100,492
3101,487
3102,480
3103,486
3104,493
3105,491
3106,489
3107,486
3108,485
3109,492
3110,503
3111,500
3112,494
3113,493
3114,495
3115,497
3116,494
3117,493
3118,497
3119,506
3120,511
3121,510
3122,509
3123,508
3124,506
3125,505
3126,492
3127,478
3128,486
3129,499
3130,495
3131,490
3132,495
3133,499
3134,492
3135,486
3136,496
3137,510
3138,505
3139,513
3140,576
3141,682
3142,804
3143,942
3144,995
3145,993
3146,905
3147,570
3148,333
3149,346
3150,431
3151,493
3152,512
3153,500
3154,485
3155,482
3156,491
3157,492
3158,496
3159,502
3160,501
3161,500
3162,508
3163,511
3164,512
3165,520
3166,524
3167,527
3168,534
3169,539
3170,539
3171,541
3172,553
3173,563
3174,570
3175,579
3176,585
3177,589
3178,600
3179,614
3180,627
3181,634
3182,646
3183,663
3184,664
3185,655
3186,661
3187,663
3188,654
3189,649
3190,645
3191,632
3192,603
3193,573
3194,547
3195,527
3196,508
3197,484
3198,471
3199,460
3200,443
3201,440
3202,446
3203,442
3204,434
3205,432
3206,432
3207,435
3208,437
3209,433
3210,433
3211,438
3212,438
3213,439
3214,438
3215,434
3216,439
3217,443
3218,447
3219,449
3220,446
3221,444
3222,447
3223,452
3224,457
3225,461
3226,459
3227,451
3228,453
3229,462
3230,466
3231,464
3232,468
3233,467
3234,466
3235,475
3236,481
3237,480
3238,476
3239,474
3240,476
3241,479
3242,479
3243,475
3244,475
3245,480
3246,477
3247,474
3248,474
3249,475
3250,474
3251,479
3252,485
3253,484
3254,478
3255,477
3256,483
3257,493
3258,490
3259,486
3260,488
3261,485
3262,478
3263,482
3264,494
3265,490
3266,492
3267,494
3268,493
3269,492
3270,490
3271,491
3272,497
3273,498
3274,493
3275,491
3276,496
3277,498
3278,501
3279,500
3280,492
3281,495
3282,505
3283,507
3284,500
3285,501
3286,504
3287,505
3288,509
3289,512
3290,516
3291,516
3292,511
3293,509
3294,514
3295,523
3296,535
3297,537
3298,535
3299,527
3300,513
3301,508
3302,514
3303,512
3304,504
3305,504
3306,509
3307,507
3308,502
3309,510
3310,519
3311,511
3312,511
3313,517
3314,531
3315,583
3316,683
3317,807
3318,948
3319,995
3320,995
3321,933
3322,612
3323,364
3324,365
3325,438
3326,494
3327,518
3328,516
3329,507
3330,499
3331,494
3332,494
3333,500
3334,507
3335,512
3336,515
3337,515
3338,513
3339,519
3340,526
3341,532
3342,543
3343,542
3344,540
3345,543
3346,546
3347,551
3348,559
3349,574
3350,591
3351,600
3352,602
3353,601
3354,612
3355,642
3356,659
3357,660
3358,659
3359,661
3360,668
3361,665
3362,661
3363,663
3364,655
3365,644
3366,630
3367,612
3368,588
3369,564
3370,538
3371,518
3372,508
3373,482
3374,461
3375,455
3376,455
3377,451
3378,446
3379,441
3380,435
3381,436
3382,447
3383,449
3384,442
3385,438
3386,448
3387,444
3388,433
3389,439
3390,451
3391,452
3392,444
3393,441
3394,451
3395,460
3396,460
3397,457
3398,460
3399,464
3400,455
3401,455
3402,468
3403,467
3404,459
3405,460
3406,466
3407,470
3408,470
3409,470
3410,474
3411,473
3412,470
3413,477
3414,479
3415,469
3416,467
3417,474
3418,479
3419,466
3420,461
3421,474
3422,473
3423,469
3424,467
3425,472
3426,469
3427,469
3428,479
3429,488
3430,481
3431,473
3432,472
3433,477
3434,482
3435,482
3436,485
3437,484
3438,486
3439,487
3440,488
3441,488
3442,485
3443,486
3444,493
3445,492
3446,481
3447,477
3448,492
3449,502
3450,494
3451,489
3452,492
3453,493
3454,489
3455,496
3456,500
3457,499
3458,501
3459,505
3460,506
3461,498
3462,497
3463,509
3464,514
3465,505
3466,496
3467,504
3468,522
3469,532
3470,532
3471,528
3472,517
3473,510
3474,511
3475,509
3476,505
3477,505
3478,508
3479,511
3480,501
3481,495
3482,500
3483,503
3484,502
3485,507
3486,505
3487,518
3488,574
3489,684
3490,831
3491,977
3492,995
3493,991
3494,841
3495,489
3496,323
3497,373
3498,446
3499,481
3500,492
3501,492
3502,483
3503,474
3504,472
3505,478
3506,482
3507,481
3508,481
3509,487
3510,491
3511,488
3512,489
3513,500
3514,509
3515,504
3516,501
3517,515
3518,534
3519,533
3520,535
3521,544
3522,552
3523,559
3524,571
3525,584
3526,592
3527,602
3528,612
3529,627
3530,642
3531,647
3532,650
3533,650
3534,642
3535,648
3536,657
3537,646
3538,627
3539,609
3540,591
3541,568
3542,540
3543,516
3544,498
3545,483
3546,464
3547,448
3548,441
3549,432
3550,425
3551,429
3552,431
3553,422
3554,420
3555,430
3556,436
3557,437
3558,431
3559,430
3560,434
3561,432
3562,430
3563,438
3564,448
3565,444
3566,443
3567,449
3568,457
3569,460
3570,461
3571,462
3572,457
3573,456
3574,468
3575,473
3576,470
3577,470
3578,471
3579,473
3580,476
3581,479
3582,480
3583,481
3584,478
3585,478
3586,484
3587,482
3588,477
3589,476
3590,479
3591,481
3592,488
3593,491
3594,489
3595,485
3596,479
3597,483
3598,497
3599,494
3600,490
3601,495
3602,494
3603,491
3604,494
3605,504
3606,512
3607,506
3608,502
3609,508
3610,513
3611,508
3612,505
3613,517
3614,520
3615,512
3616,515
3617,517
3618,510
3619,514
3620,526
3621,530
3622,524
3623,527
3624,541
3625,538
3626,519
3627,504
3628,501
3629,507
3630,512
3631,512
3632,506
3633,500
3634,505
3635,513
3636,514
3637,515
3638,524
3639,530
3640,549
3641,600
3642,678
3643,805
3644,942
3645,982
3646,952
3647,767
3648,456
3649,332
3650,386
3651,447
3652,484
3653,508
3654,524
3655,521
3656,508
3657,505
3658,515
3659,521
3660,517
3661,514
3662,519
3663,530
3664,533
3665,530
3666,531
3667,539
3668,543
3669,550
3670,557
3671,561
3672,564
3673,563
3674,570
3675,592
3676,602
3677,601
3678,610
3679,625
3680,635
3681,642
3682,653
3683,669
3684,673
3685,671
3686,670
3687,665
3688,662
3689,667
3690,664
3691,645
3692,621
3693,598
3694,574
3695,546
3696,517
3697,498
3698,482
3699,461
3700,452
3701,456
3702,452
3703,442
3704,433
3705,437
3706,441
3707,435
3708,427
3709,430
3710,439
3711,437
3712,431
3713,438
3714,443
3715,443
3716,449
3717,449
3718,443
3719,441
3720,448
3721,458
3722,461
3723,457
3724,456
3725,465
3726,463
3727,464
3728,472
3729,472
3730,471
3731,476
3732,478
3733,470
3734,460
3735,461
3736,472
3737,481
3738,476
3739,471
3740,477
3741,479
3742,468
3743,472
3744,479
3745,472
3746,471
3747,478
3748,476
3749,468
3750,469
3751,482
3752,485
3753,481
3754,487
3755,487
3756,482
3757,478
3758,485
3759,496
3760,503
3761,503
3762,495
3763,485
3764,472
3765,462
3766,469
3767,482
3768,476
3769,474
3770,473
3771,472
3772,469
3773,469
3774,474
3775,485
3776,495
3777,498
3778,524
3779,581
3780,661
3781,777
3782,897
3783,945
3784,894
3785,659
3786,370
3787,306
3788,379
3789,428
3790,454
3791,475
3792,490
3793,490
3794,489
3795,484
3796,480
3797,486
3798,491
3799,489
3800,489
3801,499
3802,511
3803,512
3804,512
3805,521
3806,531
3807,530
3808,537
3809,546
3810,547
3811,552
3812,563
3813,574
3814,582
3815,589
3816,597
3817,615
3818,632
3819,638
3820,644
3821,649
3822,652
3823,656
3824,660
3825,657
3826,643
3827,637
3828,641
3829,623
3830,589
3831,557
3832,537
3833,515
3834,484
3835,467
3836,466
3837,451
3838,431
3839,426
3840,432
3841,427
3842,418
3843,419
3844,424
3845,423
3846,420
3847,424
3848,429
3849,425
3850,422
3851,423
3852,420
3853,424
3854,440
3855,443
3856,438
3857,436
3858,435
3859,441
3860,451
3861,453
3862,453
3863,457
3864,459
3865,458
3866,460
3867,463
3868,457
3869,457
3870,467
3871,469
3872,461
3873,454
3874,462
3875,472
3876,475
3877,473
3878,467
3879,462
3880,464
3881,470
3882,473
3883,471
3884,472
3885,473
3886,482
3887,484
3888,478
3889,480
3890,486
3891,477
3892,473
3893,489
3894,498
3895,497
3896,497
3897,503
3898,507
3899,497
3900,485
3901,475
3902,474
3903,481
3904,486
3905,481
3906,480
3907,485
3908,489
3909,492
3910,490
3911,483
3912,495
3913,505
3914,519
3915,576
3916,690
3917,829
3918,955
3919,988
3920,966
3921,784
3922,458
3923,313
3924,359
3925,427
3926,468
3927,488
3928,489
3929,483
3930,481
3931,484
3932,485
3933,487
3934,492
3935,497
3936,500
3937,502
3938,505
3939,502
3940,506
3941,521
3942,530
3943,532
3944,535
3945,540
3946,548
3947,557
3948,560
3949,567
3950,578
3951,590
3952,598
3953,608
3954,620
3955,627
3956,639
3957,658
3958,667
3959,665
3960,654
3961,648
3962,652
3963,650
3964,636
3965,620
3966,605
3967,578
3968,542
3969,514
3970,494
3971,470
3972,451
3973,441
3974,441
3975,436
3976,420
3977,417
3978,419
3979,416
3980,414
3981,416
3982,421
3983,414
3984,408
3985,413
3986,420
3987,412
3988,411
3989,427
3990,431
3991,422
3992,419
3993,428
3994,429
3995,428
3996,428
3997,432
3998,434
3999,430
4000,431
4001,437
4002,441
4003,441
4004,446
4005,451
4006,449
4007,446
4008,444
4009,448
4010,458
4011,461
4012,461
4013,461
4014,460
4015,460
4016,460
4017,454
4018,454
4019,461
4020,458
4021,450
4022,450
4023,457
4024,464
4025,466
4026,461
4027,461
4028,461
4029,460
4030,469
4031,481
4032,476
4033,468
4034,464
4035,468
4036,475
4037,477
4038,478
4039,488
4040,492
4041,490
4042,484
4043,475
4044,468
4045,461
4046,459
4047,462
4048,464
4049,462
4050,456
4051,460
4052,468
4053,472
4054,472
4055,482
4056,478
4057,491
4058,564
4059,683
4060,806
4061,935
4062,992
4063,986
4064,850
4065,507
4066,304
4067,328
4068,404
4069,463
4070,492
4071,486
4072,473
4073,470
4074,476
4075,476
4076,483
4077,490
4078,489
4079,485
4080,491
4081,509
4082,514
4083,506
4084,503
4085,522
4086,533
4087,526
4088,525
4089,541
4090,548
4091,550
4092,558
4093,571
4094,580
4095,587
4096,599
4097,621
4098,636
4099,641
4100,655
4101,668
4102,665
4103,660
4104,663
4105,662
4106,652
4107,640
4108,630
4109,612
4110,582
4111,553
4112,532
4113,518
4114,497
4115,471
4116,454
4117,451
4118,452
4119,445
4120,442
4121,435
4122,426
4123,434
4124,446
4125,445
4126,437
4127,428
4128,428
4129,436
4130,443
4131,443
4132,441
4133,438
4134,437
4135,439
4136,443
4137,442
4138,450
4139,446
4140,447
4141,450
4142,446
4143,449
4144,456
4145,458
4146,454
4147,456
4148,463
4149,471
4150,470
4151,467
4152,467
4153,466
4154,469
4155,476
4156,471
4157,467
4158,474
4159,478
4160,472
4161,466
4162,471
4163,479
4164,479
4165,472
4166,469
4167,469
4168,465
4169,462
4170,474
4171,477
4172,468
4173,470
4174,480
4175,480
4176,480
4177,483
4178,484
4179,482
4180,482
4181,487
4182,492
4183,495
4184,492
4185,497
4186,498
4187,492
4188,494
4189,503
4190,505
4191,504
4192,506
4193,513
4194,513
4195,510
4196,509
4197,499
4198,493
4199,494
4200,496
4201,499
4202,500
4203,498
4204,500
4205,502
4206,496
4207,496
4208,515
4209,519
4210,511
4211,558
4212,673
4213,798
4214,925
4215,994
4216,995
4217,963
4218,671
4219,369
4220,331
4221,408
4222,477
4223,506
4224,510
4225,503
4226,491
4227,491
4228,498
4229,502
4230,505
4231,509
4232,513
4233,516
4234,520
4235,524
4236,524
4237,524
4238,532
4239,540
4240,536
4241,530
4242,544
4243,563
4244,561
4245,562
4246,581
4247,599
4248,605
4249,609
4250,622
4251,635
4252,645
4253,657
4254,661
4255,667
4256,670
4257,671
4258,665
4259,660
4260,654
4261,643
4262,630
4263,608
4264,584
4265,557
4266,529
4267,505
4268,492
4269,479
4270,461
4271,455
4272,452
4273,446
4274,443
4275,441
4276,437
4277,444
4278,448
4279,438
4280,437
4281,452
4282,449
4283,431
4284,438
4285,454
4286,449
4287,441
4288,441
4289,446
4290,451
4291,447
4292,445
4293,454
4294,459
4295,450
4296,449
4297,451
4298,446
4299,451
4300,467
4301,470
4302,462
4303,459
4304,468
4305,475
4306,476
4307,477
4308,475
4309,474
4310,470
4311,469
4312,479
4313,484
4314,474
4315,467
4316,476
4317,481
4318,478
4319,478
4320,480
4321,477
4322,475
4323,482
4324,485
4325,485
4326,489
4327,491
4328,492
4329,489
4330,485
4331,489
4332,498
4333,497
4334,491
4335,489
4336,494
4337,500
4338,495
4339,494
4340,497
4341,500
4342,504
4343,504
4344,494
4345,493
4346,500
4347,500
4348,500
4349,505
4350,507
4351,496
4352,490
4353,502
4354,517
4355,516
4356,504
4357,504
4358,508
4359,509
4360,519
4361,533
4362,536
4363,526
4364,523
4365,523
4366,514
4367,505
4368,502
4369,506
4370,513
4371,513
4372,510
4373,513
4374,516
4375,510
4376,510
4377,518
4378,525
4379,526
4380,558
4381,662
4382,796
4383,926
4384,995
4385,997
4386,990
4387,745
4388,400
4389,332
4390,413
4391,485
4392,509
4393,505
4394,499
4395,495
4396,500
4397,503
4398,496
4399,492
4400,501
4401,512
4402,511
4403,508
4404,518
4405,521
4406,521
4407,525
4408,537
4409,539
4410,534
4411,535
4412,549
4413,557
4414,551
4415,562
4416,583
4417,593
4418,605
4419,621
4420,633
4421,642
4422,649
4423,654
4424,657
4425,656
4426,655
4427,664
4428,663
4429,645
4430,631
4431,619
4432,598
4433,571
4434,552
4435,534
4436,510
4437,483
4438,468
4439,460
4440,439
4441,426
4442,440
4443,453
4444,443
4445,430
4446,426
4447,426
4448,423
4449,428
4450,438
4451,437
4452,424
4453,417
4454,423
4455,424
4456,422
4457,432
4458,438
4459,436
4460,429
4461,428
4462,434
4463,436
4464,433
4465,427
4466,428
4467,438
4468,442
4469,437
4470,436
4471,437
4472,441
4473,452
4474,454
4475,448
4476,449
4477,457
4478,457
4479,450
4480,456
4481,468
4482,463
4483,451
4484,450
4485,457
4486,465
4487,461
4488,456
4489,458
4490,457
4491,455
4492,459
4493,466
4494,465
4495,462
4496,464
4497,466
4498,460
4499,459
4500,471
4501,479
4502,467
4503,459
4504,472
4505,481
4506,473
4507,469
4508,481
4509,482
4510,475
4511,472
4512,475
4513,481
4514,481
4515,480
4516,482
4517,483
4518,481
4519,481
4520,482
4521,485
4522,492
4523,497
4524,487
4525,477
4526,488
4527,507
4528,507
4529,503
4530,504
4531,500
4532,483
4533,474
4534,479
4535,485
4536,484
4537,488
4538,488
4539,486
4540,481
4541,481
4542,492
4543,504
4544,510
4545,508
4546,545
4547,641
4548,767
4549,918
4550,995
4551,995
4552,940
4553,625
4554,357
4555,345
4556,415
4557,476
4558,506
4559,501
4560,488
4561,486
4562,495
4563,500
4564,498
4565,501
4566,506
4567,503
4568,504
4569,513
4570,519
4571,516
4572,521
4573,532
4574,541
4575,543
4576,547
4577,552
4578,555
4579,565
4580,581
4581,587
4582,585
4583,595
4584,611
4585,625
4586,636
4587,643
4588,654
4589,666
4590,677
4591,687
4592,692
4593,691
4594,686
4595,682
4596,674
4597,651
4598,620
4599,597
4600,582
4601,552
4602,516
4603,498
4604,492
4605,484
4606,470
4607,460
4608,451
4609,442
4610,439
4611,446
4612,444
4613,436
4614,435
4615,437
4616,438
4617,437
4618,434
4619,435
4620,441
4621,441
4622,437
4623,436
4624,437
4625,442
4626,445
4627,451
4628,460
4629,455
4630,450
4631,459
4632,462
4633,458
4634,459
4635,462
4636,468
4637,475
4638,472
4639,468
4640,466
4641,472
4642,476
4643,468
4644,465
4645,480
4646,491
4647,480
4648,469
4649,463
4650,470
4651,480
4652,479
4653,479
4654,482
4655,481
4656,479
4657,480
4658,479
4659,477
4660,481
4661,481
4662,478
4663,481
4664,484
4665,481
4666,486
4667,488
4668,485
4669,486
4670,493
4671,491
4672,488
4673,495
4674,501
4675,492
4676,489
4677,500
4678,507
4679,504
4680,505
4681,508
4682,505
4683,496
4684,491
4685,492
4686,487
4687,480
4688,485
4689,496
4690,497
4691,489
4692,493
4693,500
4694,497
4695,501
4696,513
4697,528
4698,571
4699,655
4700,775
4701,904
4702,973
4703,966
4704,806
4705,479
4706,315
4707,367
4708,440
4709,473
4710,493
4711,506
4712,502
4713,494
4714,496
4715,498
4716,495
4717,494
4718,503
4719,512
4720,514
4721,512
4722,516
4723,524
4724,526
4725,525
4726,531
4727,537
4728,539
4729,554
4730,568
4731,574
4732,575
4733,582
4734,595
4735,603
4736,610
4737,621
4738,640
4739,656
4740,659
4741,656
4742,667
4743,668
4744,662
4745,666
4746,673
4747,656
4748,631
4749,612
4750,591
4751,558
4752,528
4753,509
4754,495
4755,466
4756,442
4757,443
4758,446
4759,436
4760,427
4761,426
4762,428
4763,428
4764,425
4765,423
4766,420
4767,419
4768,429
4769,430
4770,420
4771,421
4772,429
4773,434
4774,433
4775,433
4776,436
4777,441
4778,443
4779,447
4780,453
4781,455
4782,454
4783,449
4784,455
4785,469
4786,468
4787,459
4788,460
4789,463
4790,467
4791,472
4792,471
4793,469
4794,470
4795,466
4796,470
4797,478
4798,476
4799,470
4800,467
4801,469
4802,475
4803,476
4804,470
4805,467
4806,473
4807,475
4808,476
4809,481
4810,472
4811,474
4812,485
4813,484
4814,482
4815,484
4816,484
4817,483
4818,489
4819,494
4820,488
4821,486
4822,492
4823,501
4824,506
4825,503
4826,503
4827,505
4828,502
4829,492
4830,489
4831,485
4832,481
4833,486
4834,495
4835,491
4836,484
4837,480
4838,485
4839,495
4840,501
4841,511
4842,509
4843,529
4844,610
4845,724
4846,863
4847,978
4848,989
4849,930
4850,674
4851,379
4852,327
4853,400
4854,453
4855,480
4856,495
4857,501
4858,490
4859,482
4860,483
4861,489
4862,499
4863,499
4864,494
4865,499
4866,502
4867,500
4868,509
4869,520
4870,523
4871,520
4872,522
4873,524
4874,531
4875,541
4876,548
4877,557
4878,569
4879,577
4880,586
4881,598
4882,614
4883,628
4884,639
4885,650
4886,654
4887,653
4888,658
4889,670
4890,666
4891,655
4892,652
4893,642
4894,621
4895,593
4896,567
4897,541
4898,514
4899,497
4900,481
4901,460
4902,443
4903,438
4904,435
4905,426
4906,422
4907,430
4908,430
4909,424
4910,417
4911,421
4912,427
4913,425
4914,424
4915,424
4916,420
4917,417
4918,427
4919,437
4920,433
4921,426
4922,433
4923,442
4924,440
4925,436
4926,443
4927,454
4928,454
4929,449
4930,452
4931,453
4932,452
4933,455
4934,461
4935,463
4936,461
4937,461
4938,462
4939,461
4940,470
4941,473
4942,469
4943,467
4944,462
4945,462
4946,466
4947,468
4948,469
4949,465
4950,463
4951,462
4952,466
4953,471
4954,469
4955,460
4956,467
4957,479
4958,473
4959,466
4960,475
4961,489
4962,482
4963,471
4964,473
4965,478
4966,477
4967,473
4968,480
4969,491
4970,488
4971,482
4972,490
4973,496
4974,486
4975,481
4976,491
4977,496
4978,488
4979,487
4980,504
4981,516
4982,512
4983,509
4984,514
4985,510
4986,498
4987,487
4988,487
4989,492
4990,490
4991,485
4992,493
4993,495
4994,493
4995,497
4996,496
4997,491
4998,496
4999,503
5000,531
5001,609
5002,729
